,age,sex,cp,trestbps,chol,fbs,restecg,thalach,exang,oldpeak,slope,ca,thal,ca_exang,thalach_exang,oldpeak_exang,cp_thal,age_bin,chol_per_age,bps_per_age,hr_per_age,target
0,48,1,4,124,274,0,2,166,0,0.5,2,0.0,7.0,0.0_0,0,0.0,4_7.0,1,5.708333333333333,2.5833333333333335,3.4583333333333335,1
1,55,1,2,130,262,0,0,155,0,0.0,1,0.0,3.0,0.0_0,0,0.0,2_3.0,2,4.763636363636364,2.3636363636363638,2.8181818181818183,0
2,54,0,2,132,288,1,2,159,1,0.0,1,1.0,3.0,1.0_1,159,0.0,2_3.0,2,5.333333333333333,2.4444444444444446,2.9444444444444446,0
3,54,1,2,108,309,0,0,156,0,0.0,1,0.0,7.0,0.0_0,0,0.0,2_7.0,2,5.722222222222222,2.0,2.888888888888889,0
4,57,0,4,140,241,0,0,123,1,0.2,2,0.0,7.0,0.0_1,123,0.2,4_7.0,2,4.228070175438597,2.456140350877193,2.1578947368421053,1
5,48,1,4,130,256,1,2,150,1,0.0,1,2.0,7.0,2.0_1,150,0.0,4_7.0,1,5.333333333333333,2.7083333333333335,3.125,1
6,54,1,4,124,266,0,2,109,1,2.2,2,1.0,7.0,1.0_1,109,2.2,4_7.0,2,4.925925925925926,2.2962962962962963,2.0185185185185186,1
7,55,1,4,140,217,0,0,111,1,5.6,3,0.0,7.0,0.0_1,111,5.6,4_7.0,2,3.9454545454545453,2.5454545454545454,2.018181818181818,1
8,65,0,3,155,269,0,0,148,0,0.8,1,0.0,3.0,0.0_0,0,0.0,3_3.0,3,4.138461538461539,2.3846153846153846,2.276923076923077,0
9,46,1,4,140,311,0,0,120,1,1.8,2,2.0,7.0,2.0_1,120,1.8,4_7.0,1,6.760869565217392,3.0434782608695654,2.608695652173913,1
10,35,1,2,122,192,0,0,174,0,0.0,1,0.0,3.0,0.0_0,0,0.0,2_3.0,0,5.485714285714286,3.4857142857142858,4.9714285714285715,0
11,56,1,4,130,283,1,2,103,1,1.6,3,0.0,7.0,0.0_1,103,1.6,4_7.0,2,5.053571428571429,2.3214285714285716,1.8392857142857142,1
12,59,1,3,150,212,1,0,157,0,1.6,1,0.0,3.0,0.0_0,0,0.0,3_3.0,2,3.593220338983051,2.542372881355932,2.6610169491525424,0
13,44,0,3,118,242,0,0,149,0,0.3,2,1.0,3.0,1.0_0,0,0.0,3_3.0,1,5.5,2.6818181818181817,3.3863636363636362,0
14,45,1,2,128,308,0,2,170,0,0.0,1,0.0,3.0,0.0_0,0,0.0,2_3.0,1,6.844444444444444,2.8444444444444446,3.7777777777777777,0
15,57,0,4,128,303,0,2,159,0,0.0,1,1.0,3.0,1.0_0,0,0.0,4_3.0,2,5.315789473684211,2.245614035087719,2.789473684210526,0
16,51,1,3,100,222,0,0,143,1,1.2,2,0.0,3.0,0.0_1,143,1.2,3_3.0,2,4.352941176470588,1.9607843137254901,2.803921568627451,0
17,51,1,3,110,175,0,0,123,0,0.6,1,0.0,3.0,0.0_0,0,0.0,3_3.0,2,3.4313725490196076,2.156862745098039,2.411764705882353,0
18,68,1,4,144,193,1,0,141,0,3.4,2,2.0,7.0,2.0_0,0,0.0,4_7.0,3,2.838235294117647,2.1176470588235294,2.073529411764706,1
19,44,1,3,120,226,0,0,169,0,0.0,1,0.0,3.0,0.0_0,0,0.0,3_3.0,1,5.136363636363637,2.727272727272727,3.840909090909091,0
20,58,1,3,140,211,1,2,165,0,0.0,1,0.0,3.0,0.0_0,0,0.0,3_3.0,2,3.6379310344827585,2.413793103448276,2.8448275862068964,0
21,57,1,2,154,232,0,2,164,0,0.0,1,1.0,3.0,1.0_0,0,0.0,2_3.0,2,4.0701754385964914,2.7017543859649122,2.8771929824561404,1
22,52,1,3,172,199,1,0,162,0,0.5,1,0.0,7.0,0.0_0,0,0.0,3_7.0,2,3.826923076923077,3.3076923076923075,3.1153846153846154,0
23,63,0,4,124,197,0,0,136,1,0.0,2,0.0,3.0,0.0_1,136,0.0,4_3.0,3,3.126984126984127,1.9682539682539681,2.1587301587301586,1
24,59,1,1,160,273,0,2,125,0,0.0,1,0.0,3.0,0.0_0,0,0.0,1_3.0,2,4.627118644067797,2.711864406779661,2.1186440677966103,1
25,49,0,2,134,271,0,0,162,0,0.0,2,0.0,3.0,0.0_0,0,0.0,2_3.0,1,5.530612244897959,2.7346938775510203,3.306122448979592,0
26,58,0,4,100,248,0,2,122,0,1.0,2,0.0,3.0,0.0_0,0,0.0,4_3.0,2,4.275862068965517,1.7241379310344827,2.103448275862069,0
27,62,0,4,160,164,0,2,145,0,6.2,3,3.0,7.0,3.0_0,0,0.0,4_7.0,3,2.6451612903225805,2.5806451612903225,2.338709677419355,1
28,69,0,1,140,239,0,0,151,0,1.8,1,2.0,3.0,2.0_0,0,0.0,1_3.0,3,3.463768115942029,2.028985507246377,2.1884057971014492,0
29,45,1,1,110,264,0,0,132,0,1.2,2,0.0,7.0,0.0_0,0,0.0,1_7.0,1,5.866666666666666,2.4444444444444446,2.933333333333333,1
30,41,0,3,112,268,0,2,172,1,0.0,1,0.0,3.0,0.0_1,172,0.0,3_3.0,1,6.536585365853658,2.731707317073171,4.195121951219512,0
31,66,0,1,150,226,0,0,114,0,2.6,3,0.0,3.0,0.0_0,0,0.0,1_3.0,3,3.4242424242424243,2.272727272727273,1.7272727272727273,0
32,61,1,3,150,243,1,0,137,1,1.0,2,0.0,3.0,0.0_1,137,1.0,3_3.0,3,3.9836065573770494,2.459016393442623,2.2459016393442623,0
33,58,1,4,150,270,0,2,111,1,0.8,1,0.0,7.0,0.0_1,111,0.8,4_7.0,2,4.655172413793103,2.586206896551724,1.9137931034482758,1
34,43,1,4,115,303,0,0,181,0,1.2,2,0.0,3.0,0.0_0,0,0.0,4_3.0,1,7.046511627906977,2.6744186046511627,4.209302325581396,0
35,55,1,4,132,353,0,0,132,1,1.2,2,1.0,7.0,1.0_1,132,1.2,4_7.0,2,6.418181818181818,2.4,2.4,1
36,55,1,4,160,289,0,2,145,1,0.8,2,1.0,7.0,1.0_1,145,0.8,4_7.0,2,5.254545454545455,2.909090909090909,2.6363636363636362,1
37,39,1,4,118,219,0,0,140,0,1.2,2,0.0,7.0,0.0_0,0,0.0,4_7.0,0,5.615384615384615,3.0256410256410255,3.58974358974359,1
38,65,0,4,150,225,0,2,114,0,1.0,2,3.0,7.0,3.0_0,0,0.0,4_7.0,3,3.4615384615384617,2.3076923076923075,1.7538461538461538,1
39,37,0,3,120,215,0,0,170,0,0.0,1,0.0,3.0,0.0_0,0,0.0,3_3.0,0,5.8108108108108105,3.2432432432432434,4.594594594594595,0
40,60,1,4,145,282,0,2,142,1,2.8,2,2.0,7.0,2.0_1,142,2.8,4_7.0,3,4.7,2.4166666666666665,2.3666666666666667,1
41,35,1,4,120,198,0,0,130,1,1.6,2,0.0,7.0,0.0_1,130,1.6,4_7.0,0,5.6571428571428575,3.4285714285714284,3.7142857142857144,1
42,51,0,3,140,308,0,2,142,0,1.5,1,1.0,3.0,1.0_0,0,0.0,3_3.0,2,6.03921568627451,2.7450980392156863,2.784313725490196,0
43,58,1,4,128,259,0,2,130,1,3.0,2,2.0,7.0,2.0_1,130,3.0,4_7.0,2,4.4655172413793105,2.206896551724138,2.2413793103448274,1
44,41,1,2,110,235,0,0,153,0,0.0,1,0.0,3.0,0.0_0,0,0.0,2_3.0,1,5.7317073170731705,2.682926829268293,3.731707317073171,0
45,44,1,2,120,263,0,0,173,0,0.0,1,0.0,7.0,0.0_0,0,0.0,2_7.0,1,5.9772727272727275,2.727272727272727,3.9318181818181817,0
46,65,0,3,160,360,0,2,151,0,0.8,1,0.0,3.0,0.0_0,0,0.0,3_3.0,3,5.538461538461538,2.4615384615384617,2.3230769230769233,0
47,61,1,4,120,260,0,0,140,1,3.6,2,1.0,7.0,1.0_1,140,3.6,4_7.0,3,4.262295081967213,1.9672131147540983,2.2950819672131146,1
48,53,0,4,130,264,0,2,143,0,0.4,2,0.0,3.0,0.0_0,0,0.0,4_3.0,2,4.981132075471698,2.452830188679245,2.69811320754717,0
49,54,0,3,108,267,0,2,167,0,0.0,1,0.0,3.0,0.0_0,0,0.0,3_3.0,2,4.944444444444445,2.0,3.0925925925925926,0
50,64,1,4,128,263,0,0,105,1,0.2,2,1.0,7.0,1.0_1,105,0.2,4_7.0,3,4.109375,2.0,1.640625,0
51,53,0,4,138,234,0,2,160,0,0.0,1,0.0,3.0,0.0_0,0,0.0,4_3.0,2,4.415094339622642,2.6037735849056602,3.018867924528302,0
52,67,0,4,106,223,0,0,142,0,0.3,1,2.0,3.0,2.0_0,0,0.0,4_3.0,3,3.328358208955224,1.5820895522388059,2.1194029850746268,0
53,46,0,4,138,243,0,2,152,1,0.0,2,0.0,3.0,0.0_1,152,0.0,4_3.0,1,5.282608695652174,3.0,3.3043478260869565,0
54,50,1,4,150,243,0,2,128,0,2.6,2,0.0,7.0,0.0_0,0,0.0,4_7.0,2,4.86,3.0,2.56,1
55,47,1,3,108,243,0,0,152,0,0.0,1,0.0,3.0,0.0_0,0,0.0,3_3.0,1,5.170212765957447,2.297872340425532,3.234042553191489,1
56,70,1,2,156,245,0,2,143,0,0.0,1,0.0,3.0,0.0_0,0,0.0,2_3.0,4,3.5,2.2285714285714286,2.0428571428571427,0
57,62,1,2,128,208,1,2,140,0,0.0,1,0.0,3.0,0.0_0,0,0.0,2_3.0,3,3.3548387096774195,2.064516129032258,2.2580645161290325,0
58,64,1,4,145,212,0,2,132,0,2.0,2,2.0,6.0,2.0_0,0,0.0,4_6.0,3,3.3125,2.265625,2.0625,1
59,63,0,4,108,269,0,0,169,1,1.8,2,2.0,3.0,2.0_1,169,1.8,4_3.0,3,4.26984126984127,1.7142857142857142,2.6825396825396823,1
60,52,1,4,112,230,0,0,160,0,0.0,1,1.0,3.0,1.0_0,0,0.0,4_3.0,2,4.423076923076923,2.1538461538461537,3.076923076923077,1
61,62,1,4,120,267,0,0,99,1,1.8,2,2.0,7.0,2.0_1,99,1.8,4_7.0,3,4.306451612903226,1.935483870967742,1.596774193548387,1
62,63,0,4,150,407,0,2,154,0,4.0,2,3.0,7.0,3.0_0,0,0.0,4_7.0,3,6.4603174603174605,2.380952380952381,2.4444444444444446,1
63,58,0,2,136,319,1,2,152,0,0.0,1,2.0,3.0,2.0_0,0,0.0,2_3.0,2,5.5,2.3448275862068964,2.6206896551724137,1
64,51,0,4,130,305,0,0,142,1,1.2,2,0.0,7.0,0.0_1,142,1.2,4_7.0,2,5.980392156862745,2.549019607843137,2.784313725490196,1
65,48,1,3,124,255,1,0,175,0,0.0,1,2.0,3.0,2.0_0,0,0.0,3_3.0,1,5.3125,2.5833333333333335,3.6458333333333335,0
66,39,1,3,140,321,0,2,182,0,0.0,1,0.0,3.0,0.0_0,0,0.0,3_3.0,0,8.23076923076923,3.58974358974359,4.666666666666667,0
67,67,1,4,125,254,1,0,163,0,0.2,2,2.0,7.0,2.0_0,0,0.0,4_7.0,3,3.791044776119403,1.8656716417910448,2.4328358208955225,1
68,51,1,1,125,213,0,2,125,1,1.4,1,1.0,3.0,1.0_1,125,1.4,1_3.0,2,4.176470588235294,2.450980392156863,2.450980392156863,0
69,71,0,2,160,302,0,0,162,0,0.4,1,2.0,3.0,2.0_0,0,0.0,2_3.0,4,4.253521126760563,2.2535211267605635,2.2816901408450705,0
70,41,0,2,126,306,0,0,163,0,0.0,1,0.0,3.0,0.0_0,0,0.0,2_3.0,1,7.463414634146342,3.073170731707317,3.975609756097561,0
71,63,1,4,130,254,0,2,147,0,1.4,2,1.0,7.0,1.0_0,0,0.0,4_7.0,3,4.031746031746032,2.0634920634920637,2.3333333333333335,1
72,40,1,4,152,223,0,0,181,0,0.0,1,0.0,7.0,0.0_0,0,0.0,4_7.0,1,5.575,3.8,4.525,1
73,58,1,3,105,240,0,2,154,1,0.6,2,0.0,7.0,0.0_1,154,0.6,3_7.0,2,4.137931034482759,1.8103448275862069,2.6551724137931036,0
74,54,1,4,110,239,0,0,126,1,2.8,2,1.0,7.0,1.0_1,126,2.8,4_7.0,2,4.425925925925926,2.037037037037037,2.3333333333333335,1
75,65,0,3,140,417,1,2,157,0,0.8,1,1.0,3.0,1.0_0,0,0.0,3_3.0,3,6.415384615384616,2.1538461538461537,2.4153846153846152,0
76,68,1,3,180,274,1,2,150,1,1.6,2,0.0,7.0,0.0_1,150,1.6,3_7.0,3,4.029411764705882,2.6470588235294117,2.2058823529411766,1
77,67,1,4,160,286,0,2,108,1,1.5,2,3.0,3.0,3.0_1,108,1.5,4_3.0,3,4.268656716417911,2.388059701492537,1.6119402985074627,1
78,57,1,3,150,126,1,0,173,0,0.2,1,1.0,7.0,1.0_0,0,0.0,3_7.0,2,2.210526315789474,2.6315789473684212,3.0350877192982457,0
79,50,1,3,129,196,0,0,163,0,0.0,1,0.0,3.0,0.0_0,0,0.0,3_3.0,2,3.92,2.58,3.26,0
80,76,0,3,140,197,0,1,116,0,1.1,2,0.0,3.0,0.0_0,0,0.0,3_3.0,4,2.5921052631578947,1.8421052631578947,1.5263157894736843,0
81,56,0,4,134,409,0,2,150,1,1.9,2,2.0,7.0,2.0_1,150,1.9,4_7.0,2,7.303571428571429,2.392857142857143,2.6785714285714284,1
82,71,0,4,112,149,0,0,125,0,1.6,2,0.0,3.0,0.0_0,0,0.0,4_3.0,4,2.0985915492957745,1.5774647887323943,1.7605633802816902,0
83,56,1,2,130,221,0,2,163,0,0.0,1,0.0,7.0,0.0_0,0,0.0,2_7.0,2,3.9464285714285716,2.3214285714285716,2.9107142857142856,0
84,40,1,4,110,167,0,2,114,1,2.0,2,0.0,7.0,0.0_1,114,2.0,4_7.0,1,4.175,2.75,2.85,1
85,42,0,4,102,265,0,2,122,0,0.6,2,0.0,3.0,0.0_0,0,0.0,4_3.0,1,6.309523809523809,2.4285714285714284,2.9047619047619047,0
86,47,1,3,138,257,0,2,156,0,0.0,1,0.0,3.0,0.0_0,0,0.0,3_3.0,1,5.468085106382978,2.9361702127659575,3.3191489361702127,0
87,47,1,3,130,253,0,0,179,0,0.0,1,0.0,3.0,0.0_0,0,0.0,3_3.0,1,5.382978723404255,2.765957446808511,3.8085106382978724,0
88,49,0,4,130,269,0,0,163,0,0.0,1,0.0,3.0,0.0_0,0,0.0,4_3.0,1,5.489795918367347,2.6530612244897958,3.326530612244898,0
89,67,0,3,115,564,0,2,160,0,1.6,2,0.0,7.0,0.0_0,0,0.0,3_7.0,3,8.417910447761194,1.7164179104477613,2.388059701492537,0
90,59,1,1,178,270,0,2,145,0,4.2,3,0.0,7.0,0.0_0,0,0.0,1_7.0,2,4.576271186440678,3.016949152542373,2.457627118644068,0
91,49,1,2,130,266,0,0,171,0,0.6,1,0.0,3.0,0.0_0,0,0.0,2_3.0,1,5.428571428571429,2.6530612244897958,3.489795918367347,0
92,57,1,4,110,201,0,0,126,1,1.5,2,0.0,6.0,0.0_1,126,1.5,4_6.0,2,3.526315789473684,1.9298245614035088,2.210526315789474,0
93,61,0,4,130,330,0,2,169,0,0.0,1,0.0,3.0,0.0_0,0,0.0,4_3.0,3,5.409836065573771,2.1311475409836067,2.7704918032786887,1
94,39,0,3,94,199,0,0,179,0,0.0,1,0.0,3.0,0.0_0,0,0.0,3_3.0,0,5.102564102564102,2.41025641025641,4.589743589743589,0
95,52,1,1,152,298,1,0,178,0,1.2,2,0.0,7.0,0.0_0,0,0.0,1_7.0,2,5.730769230769231,2.923076923076923,3.423076923076923,0
96,57,1,3,128,229,0,2,150,0,0.4,2,1.0,7.0,1.0_0,0,0.0,3_7.0,2,4.017543859649122,2.245614035087719,2.6315789473684212,1
97,64,1,3,125,309,0,0,131,1,1.8,2,0.0,7.0,0.0_1,131,1.8,3_7.0,3,4.828125,1.953125,2.046875,1
98,57,1,4,140,192,0,0,148,0,0.4,2,0.0,6.0,0.0_0,0,0.0,4_6.0,2,3.3684210526315788,2.456140350877193,2.5964912280701755,0
99,58,1,2,120,284,0,2,160,0,1.8,2,0.0,3.0,0.0_0,0,0.0,2_3.0,2,4.896551724137931,2.0689655172413794,2.7586206896551726,1
100,66,1,4,112,212,0,2,132,1,0.1,1,1.0,3.0,1.0_1,132,0.1,4_3.0,3,3.212121212121212,1.696969696969697,2.0,1
101,64,1,1,170,227,0,2,155,0,0.6,2,0.0,7.0,0.0_0,0,0.0,1_7.0,3,3.546875,2.65625,2.421875,0
102,63,1,4,140,187,0,2,144,1,4.0,1,2.0,7.0,2.0_1,144,4.0,4_7.0,3,2.9682539682539684,2.2222222222222223,2.2857142857142856,1
103,57,1,2,124,261,0,0,141,0,0.3,1,0.0,7.0,0.0_0,0,0.0,2_7.0,2,4.578947368421052,2.175438596491228,2.473684210526316,1
104,41,0,2,105,198,0,0,168,0,0.0,1,1.0,3.0,1.0_0,0,0.0,2_3.0,1,4.829268292682927,2.5609756097560976,4.097560975609756,0
105,48,0,3,130,275,0,0,139,0,0.2,1,0.0,3.0,0.0_0,0,0.0,3_3.0,1,5.729166666666667,2.7083333333333335,2.8958333333333335,0
106,66,0,3,146,278,0,2,152,0,0.0,2,1.0,3.0,1.0_0,0,0.0,3_3.0,3,4.212121212121212,2.212121212121212,2.303030303030303,0
107,56,0,2,140,294,0,2,153,0,1.3,2,0.0,3.0,0.0_0,0,0.0,2_3.0,2,5.25,2.5,2.732142857142857,0
108,77,1,4,125,304,0,2,162,1,0.0,1,3.0,3.0,3.0_1,162,0.0,4_3.0,4,3.948051948051948,1.6233766233766234,2.103896103896104,1
109,60,0,3,102,318,0,0,160,0,0.0,1,1.0,3.0,1.0_0,0,0.0,3_3.0,3,5.3,1.7,2.6666666666666665,0
110,64,0,3,140,313,0,0,133,0,0.2,1,0.0,7.0,0.0_0,0,0.0,3_7.0,3,4.890625,2.1875,2.078125,0
111,52,0,3,136,196,0,2,169,0,0.1,2,0.0,3.0,0.0_0,0,0.0,3_3.0,2,3.769230769230769,2.6153846153846154,3.25,0
112,63,1,4,130,330,1,2,132,1,1.8,1,3.0,7.0,3.0_1,132,1.8,4_7.0,3,5.238095238095238,2.0634920634920637,2.0952380952380953,1
113,57,1,4,165,289,1,2,124,0,1.0,2,3.0,7.0,3.0_0,0,0.0,4_7.0,2,5.0701754385964914,2.8947368421052633,2.175438596491228,1
114,56,0,4,200,288,1,2,133,1,4.0,3,2.0,7.0,2.0_1,133,4.0,4_7.0,2,5.142857142857143,3.5714285714285716,2.375,1
115,46,0,2,105,204,0,0,172,0,0.0,1,0.0,3.0,0.0_0,0,0.0,2_3.0,1,4.434782608695652,2.282608695652174,3.739130434782609,0
116,53,1,4,142,226,0,2,111,1,0.0,1,0.0,7.0,0.0_1,111,0.0,4_7.0,2,4.264150943396227,2.6792452830188678,2.0943396226415096,0
117,51,1,4,140,298,0,0,122,1,4.2,2,3.0,7.0,3.0_1,122,4.2,4_7.0,2,5.8431372549019605,2.7450980392156863,2.392156862745098,1
118,41,1,3,112,250,0,0,179,0,0.0,1,0.0,3.0,0.0_0,0,0.0,3_3.0,1,6.097560975609756,2.731707317073171,4.365853658536586,0
119,44,1,4,112,290,0,2,153,0,0.0,1,1.0,3.0,1.0_0,0,0.0,4_3.0,1,6.590909090909091,2.5454545454545454,3.477272727272727,1
120,35,0,4,138,183,0,0,182,0,1.4,1,0.0,3.0,0.0_0,0,0.0,4_3.0,0,5.228571428571429,3.942857142857143,5.2,0
121,50,1,3,140,233,0,0,163,0,0.6,2,1.0,7.0,1.0_0,0,0.0,3_7.0,2,4.66,2.8,3.26,1
122,62,0,4,150,244,0,0,154,1,1.4,2,0.0,3.0,0.0_1,154,1.4,4_3.0,3,3.935483870967742,2.4193548387096775,2.4838709677419355,1
123,44,0,3,108,141,0,0,175,0,0.6,2,0.0,3.0,0.0_0,0,0.0,3_3.0,1,3.2045454545454546,2.4545454545454546,3.977272727272727,0
124,53,1,4,140,203,1,2,155,1,3.1,3,0.0,7.0,0.0_1,155,3.1,4_7.0,2,3.830188679245283,2.641509433962264,2.9245283018867925,1
125,46,0,3,142,177,0,2,160,1,1.4,3,0.0,3.0,0.0_1,160,1.4,3_3.0,1,3.847826086956522,3.0869565217391304,3.4782608695652173,0
126,59,1,4,110,239,0,2,142,1,1.2,2,1.0,7.0,1.0_1,142,1.2,4_7.0,2,4.0508474576271185,1.8644067796610169,2.406779661016949,1
127,40,1,1,140,199,0,0,178,1,1.4,1,0.0,7.0,0.0_1,178,1.4,1_7.0,1,4.975,3.5,4.45,0
128,63,1,1,145,233,1,2,150,0,2.3,3,0.0,6.0,0.0_0,0,0.0,1_6.0,3,3.6984126984126986,2.3015873015873014,2.380952380952381,0
129,46,1,4,120,249,0,2,144,0,0.8,1,0.0,7.0,0.0_0,0,0.0,4_7.0,1,5.413043478260869,2.608695652173913,3.130434782608696,1
130,51,1,4,140,299,0,0,173,1,1.6,1,0.0,7.0,0.0_1,173,1.6,4_7.0,2,5.862745098039215,2.7450980392156863,3.392156862745098,1
131,57,1,4,150,276,0,2,112,1,0.6,2,1.0,6.0,1.0_1,112,0.6,4_6.0,2,4.842105263157895,2.6315789473684212,1.9649122807017543,1
132,65,1,4,110,248,0,2,158,0,0.6,1,2.0,6.0,2.0_0,0,0.0,4_6.0,3,3.8153846153846156,1.6923076923076923,2.4307692307692306,1
133,64,1,1,110,211,0,2,144,1,1.8,2,0.0,3.0,0.0_1,144,1.8,1_3.0,3,3.296875,1.71875,2.25,0
134,44,1,2,130,219,0,2,188,0,0.0,1,0.0,3.0,0.0_0,0,0.0,2_3.0,1,4.9772727272727275,2.9545454545454546,4.2727272727272725,0
135,58,1,4,100,234,0,0,156,0,0.1,1,1.0,7.0,1.0_0,0,0.0,4_7.0,2,4.0344827586206895,1.7241379310344827,2.689655172413793,1
136,53,1,4,123,282,0,0,95,1,2.0,2,2.0,7.0,2.0_1,95,2.0,4_7.0,2,5.320754716981132,2.3207547169811322,1.7924528301886793,1
137,56,1,4,125,249,1,2,144,1,1.2,2,1.0,3.0,1.0_1,144,1.2,4_3.0,2,4.446428571428571,2.232142857142857,2.5714285714285716,1
138,44,1,2,120,220,0,0,170,0,0.0,1,0.0,3.0,0.0_0,0,0.0,2_3.0,1,5.0,2.727272727272727,3.8636363636363638,0
139,41,1,2,120,157,0,0,182,0,0.0,1,0.0,3.0,0.0_0,0,0.0,2_3.0,1,3.8292682926829267,2.926829268292683,4.439024390243903,0
140,51,1,4,140,261,0,2,186,1,0.0,1,0.0,3.0,0.0_1,186,0.0,4_3.0,2,5.117647058823529,2.7450980392156863,3.6470588235294117,0
141,67,1,3,152,212,0,2,150,0,0.8,2,0.0,7.0,0.0_0,0,0.0,3_7.0,3,3.1641791044776117,2.2686567164179103,2.2388059701492535,1
142,38,1,1,120,231,0,0,182,1,3.8,2,0.0,7.0,0.0_1,182,3.8,1_7.0,0,6.078947368421052,3.1578947368421053,4.7894736842105265,1
143,42,1,4,136,315,0,0,125,1,1.8,2,0.0,6.0,0.0_1,125,1.8,4_6.0,1,7.5,3.238095238095238,2.9761904761904763,1
144,59,1,3,126,218,1,0,134,0,2.2,2,1.0,6.0,1.0_0,0,0.0,3_6.0,2,3.694915254237288,2.135593220338983,2.2711864406779663,1
145,50,0,4,110,254,0,2,159,0,0.0,1,0.0,3.0,0.0_0,0,0.0,4_3.0,2,5.08,2.2,3.18,0
146,58,0,3,120,340,0,0,172,0,0.0,1,0.0,3.0,0.0_0,0,0.0,3_3.0,2,5.862068965517241,2.0689655172413794,2.9655172413793105,0
147,45,0,2,112,160,0,0,138,0,0.0,2,0.0,3.0,0.0_0,0,0.0,2_3.0,1,3.5555555555555554,2.488888888888889,3.066666666666667,0
148,51,1,3,125,245,1,2,166,0,2.4,2,0.0,3.0,0.0_0,0,0.0,3_3.0,2,4.803921568627451,2.450980392156863,3.2549019607843137,0
149,60,1,4,117,230,1,0,160,1,1.4,1,2.0,7.0,2.0_1,160,1.4,4_7.0,3,3.8333333333333335,1.95,2.6666666666666665,1
150,48,1,2,130,245,0,2,180,0,0.2,2,0.0,3.0,0.0_0,0,0.0,2_3.0,1,5.104166666666667,2.7083333333333335,3.75,0
151,50,0,3,120,219,0,0,158,0,1.6,2,0.0,3.0,0.0_0,0,0.0,3_3.0,2,4.38,2.4,3.16,0
152,61,0,4,145,307,0,2,146,1,1.0,2,0.0,7.0,0.0_1,146,1.0,4_7.0,3,5.032786885245901,2.377049180327869,2.3934426229508197,1
153,54,1,2,192,283,0,2,195,0,0.0,1,1.0,7.0,1.0_0,0,0.0,2_7.0,2,5.2407407407407405,3.5555555555555554,3.611111111111111,1
154,45,0,2,130,234,0,2,175,0,0.6,2,0.0,3.0,0.0_0,0,0.0,2_3.0,1,5.2,2.888888888888889,3.888888888888889,0
155,65,1,4,135,254,0,2,127,0,2.8,2,1.0,7.0,1.0_0,0,0.0,4_7.0,3,3.9076923076923076,2.076923076923077,1.9538461538461538,1
156,58,0,4,130,197,0,0,131,0,0.6,2,0.0,3.0,0.0_0,0,0.0,4_3.0,2,3.396551724137931,2.2413793103448274,2.2586206896551726,0
157,62,0,4,124,209,0,0,163,0,0.0,1,0.0,3.0,0.0_0,0,0.0,4_3.0,3,3.370967741935484,2.0,2.629032258064516,0
158,56,1,1,120,193,0,2,162,0,1.9,2,0.0,7.0,0.0_0,0,0.0,1_7.0,2,3.4464285714285716,2.142857142857143,2.892857142857143,0
159,60,1,4,130,206,0,2,132,1,2.4,2,2.0,7.0,2.0_1,132,2.4,4_7.0,3,3.433333333333333,2.1666666666666665,2.2,1
160,52,1,4,128,204,1,0,156,1,1.0,2,0.0,,0.0_1,156,1.0,,2,3.923076923076923,2.4615384615384617,3.0,1
161,44,1,4,110,197,0,2,177,0,0.0,1,1.0,3.0,1.0_0,0,0.0,4_3.0,1,4.4772727272727275,2.5,4.0227272727272725,1
162,29,1,2,130,204,0,2,202,0,0.0,1,0.0,3.0,0.0_0,0,0.0,2_3.0,0,7.0344827586206895,4.482758620689655,6.9655172413793105,0
163,60,1,4,130,253,0,0,144,1,1.4,1,1.0,7.0,1.0_1,144,1.4,4_7.0,3,4.216666666666667,2.1666666666666665,2.4,1
164,51,0,3,120,295,0,2,157,0,0.6,1,0.0,3.0,0.0_0,0,0.0,3_3.0,2,5.784313725490196,2.3529411764705883,3.0784313725490198,0
165,70,1,3,160,269,0,0,112,1,2.9,2,1.0,7.0,1.0_1,112,2.9,3_7.0,4,3.842857142857143,2.2857142857142856,1.6,1
166,50,0,2,120,244,0,0,162,0,1.1,1,0.0,3.0,0.0_0,0,0.0,2_3.0,2,4.88,2.4,3.24,0
167,52,1,2,128,205,1,0,184,0,0.0,1,0.0,3.0,0.0_0,0,0.0,2_3.0,2,3.9423076923076925,2.4615384615384617,3.5384615384615383,0
168,54,1,3,120,258,0,2,147,0,0.4,2,0.0,7.0,0.0_0,0,0.0,3_7.0,2,4.777777777777778,2.2222222222222223,2.7222222222222223,0
169,58,1,4,146,218,0,0,105,0,2.0,2,1.0,7.0,1.0_0,0,0.0,4_7.0,2,3.7586206896551726,2.5172413793103448,1.8103448275862069,1
170,67,0,3,152,277,0,0,172,0,0.0,1,1.0,3.0,1.0_0,0,0.0,3_3.0,3,4.134328358208955,2.2686567164179103,2.5671641791044775,0
171,41,1,4,110,172,0,2,158,0,0.0,1,0.0,7.0,0.0_0,0,0.0,4_7.0,1,4.195121951219512,2.682926829268293,3.8536585365853657,1
172,42,0,3,120,209,0,0,173,0,0.0,2,0.0,3.0,0.0_0,0,0.0,3_3.0,1,4.976190476190476,2.857142857142857,4.119047619047619,0
173,68,1,3,118,277,0,0,151,0,1.0,1,1.0,7.0,1.0_0,0,0.0,3_7.0,3,4.073529411764706,1.7352941176470589,2.2205882352941178,0
174,65,1,4,120,177,0,0,140,0,0.4,1,0.0,7.0,0.0_0,0,0.0,4_7.0,3,2.723076923076923,1.8461538461538463,2.1538461538461537,0
175,68,0,3,120,211,0,2,115,0,1.5,2,0.0,3.0,0.0_0,0,0.0,3_3.0,3,3.1029411764705883,1.7647058823529411,1.6911764705882353,0
176,57,1,4,110,335,0,0,143,1,3.0,2,1.0,7.0,1.0_1,143,3.0,4_7.0,2,5.87719298245614,1.9298245614035088,2.508771929824561,1
177,54,1,4,140,239,0,0,160,0,1.2,1,0.0,3.0,0.0_0,0,0.0,4_3.0,2,4.425925925925926,2.5925925925925926,2.962962962962963,0
178,57,1,4,152,274,0,0,88,1,1.2,2,1.0,7.0,1.0_1,88,1.2,4_7.0,2,4.807017543859649,2.6666666666666665,1.543859649122807,1
179,52,1,4,125,212,0,0,168,0,1.0,1,2.0,7.0,2.0_0,0,0.0,4_7.0,2,4.076923076923077,2.4038461538461537,3.230769230769231,1
180,64,0,4,180,325,0,0,154,1,0.0,1,0.0,3.0,0.0_1,154,0.0,4_3.0,3,5.078125,2.8125,2.40625,0
181,50,1,4,144,200,0,2,126,1,0.9,2,0.0,7.0,0.0_1,126,0.9,4_7.0,2,4.0,2.88,2.52,1
182,64,0,4,130,303,0,0,122,0,2.0,2,2.0,3.0,2.0_0,0,0.0,4_3.0,3,4.734375,2.03125,1.90625,0
183,49,1,3,118,149,0,2,126,0,0.8,1,3.0,3.0,3.0_0,0,0.0,3_3.0,1,3.0408163265306123,2.4081632653061225,2.5714285714285716,1
184,56,1,4,132,184,0,2,105,1,2.1,2,1.0,6.0,1.0_1,105,2.1,4_6.0,2,3.2857142857142856,2.357142857142857,1.875,1
185,54,1,3,125,273,0,2,152,0,0.5,3,1.0,3.0,1.0_0,0,0.0,3_3.0,2,5.055555555555555,2.314814814814815,2.814814814814815,0
186,57,1,3,150,168,0,0,174,0,1.6,1,0.0,3.0,0.0_0,0,0.0,3_3.0,2,2.9473684210526314,2.6315789473684212,3.0526315789473686,0
187,52,1,2,120,325,0,0,172,0,0.2,1,0.0,3.0,0.0_0,0,0.0,2_3.0,2,6.25,2.3076923076923075,3.3076923076923075,0
188,43,1,4,110,211,0,0,161,0,0.0,1,0.0,7.0,0.0_0,0,0.0,4_7.0,1,4.906976744186046,2.558139534883721,3.744186046511628,0
189,42,1,1,148,244,0,2,178,0,0.8,1,2.0,3.0,2.0_0,0,0.0,1_3.0,1,5.809523809523809,3.5238095238095237,4.238095238095238,0
190,53,1,3,130,197,1,2,152,0,1.2,3,0.0,3.0,0.0_0,0,0.0,3_3.0,2,3.7169811320754715,2.452830188679245,2.8679245283018866,0
191,57,1,4,132,207,0,0,168,1,0.0,1,0.0,7.0,0.0_1,168,0.0,4_7.0,2,3.6315789473684212,2.3157894736842106,2.9473684210526314,0
192,54,0,3,135,304,1,0,170,0,0.0,1,0.0,3.0,0.0_0,0,0.0,3_3.0,2,5.62962962962963,2.5,3.1481481481481484,0
193,58,1,3,112,230,0,2,165,0,2.5,2,1.0,7.0,1.0_0,0,0.0,3_7.0,2,3.9655172413793105,1.9310344827586208,2.8448275862068964,1
194,54,1,4,110,206,0,2,108,1,0.0,2,1.0,3.0,1.0_1,108,0.0,4_3.0,2,3.814814814814815,2.037037037037037,2.0,1
195,42,1,2,120,295,0,0,162,0,0.0,1,0.0,3.0,0.0_0,0,0.0,2_3.0,1,7.023809523809524,2.857142857142857,3.857142857142857,0
196,47,1,4,112,204,0,0,143,0,0.1,1,0.0,3.0,0.0_0,0,0.0,4_3.0,1,4.340425531914893,2.382978723404255,3.0425531914893615,0
197,67,1,4,120,237,0,0,71,0,1.0,2,0.0,3.0,0.0_0,0,0.0,4_3.0,3,3.537313432835821,1.791044776119403,1.0597014925373134,1
198,41,0,2,130,204,0,2,172,0,1.4,1,0.0,3.0,0.0_0,0,0.0,2_3.0,1,4.975609756097561,3.1707317073170733,4.195121951219512,0
199,52,1,2,134,201,0,0,158,0,0.8,1,1.0,3.0,1.0_0,0,0.0,2_3.0,2,3.8653846153846154,2.576923076923077,3.0384615384615383,0
200,57,0,2,130,236,0,2,174,0,0.0,2,1.0,3.0,1.0_0,0,0.0,2_3.0,2,4.140350877192983,2.280701754385965,3.0526315789473686,1
201,62,0,3,130,263,0,0,97,0,1.2,2,1.0,7.0,1.0_0,0,0.0,3_7.0,3,4.241935483870968,2.096774193548387,1.564516129032258,1
202,57,0,4,120,354,0,0,163,1,0.6,1,0.0,3.0,0.0_1,163,0.6,4_3.0,2,6.2105263157894735,2.1052631578947367,2.8596491228070176,0
203,60,1,4,140,293,0,2,170,0,1.2,2,2.0,7.0,2.0_0,0,0.0,4_7.0,3,4.883333333333334,2.3333333333333335,2.8333333333333335,1
204,59,1,1,170,288,0,2,159,0,0.2,2,0.0,7.0,0.0_0,0,0.0,1_7.0,2,4.88135593220339,2.8813559322033897,2.694915254237288,1
205,44,1,3,140,235,0,2,180,0,0.0,1,0.0,3.0,0.0_0,0,0.0,3_3.0,1,5.340909090909091,3.1818181818181817,4.090909090909091,0
206,48,1,4,122,222,0,2,186,0,0.0,1,0.0,3.0,0.0_0,0,0.0,4_3.0,1,4.625,2.5416666666666665,3.875,0
207,52,1,1,118,186,0,2,190,0,0.0,2,0.0,6.0,0.0_0,0,0.0,1_6.0,2,3.576923076923077,2.269230769230769,3.6538461538461537,0
208,56,1,2,120,240,0,0,169,0,0.0,3,0.0,3.0,0.0_0,0,0.0,2_3.0,2,4.285714285714286,2.142857142857143,3.017857142857143,0
209,43,1,4,132,247,1,2,143,1,0.1,2,,7.0,,143,0.1,4_7.0,1,5.744186046511628,3.0697674418604652,3.3255813953488373,1
210,60,0,4,158,305,0,2,161,0,0.0,1,0.0,3.0,0.0_0,0,0.0,4_3.0,3,5.083333333333333,2.6333333333333333,2.683333333333333,1
211,43,1,3,130,315,0,0,162,0,1.9,1,1.0,3.0,1.0_0,0,0.0,3_3.0,1,7.325581395348837,3.0232558139534884,3.7674418604651163,0
212,66,1,4,120,302,0,2,151,0,0.4,2,0.0,3.0,0.0_0,0,0.0,4_3.0,3,4.575757575757576,1.8181818181818181,2.287878787878788,0
213,67,1,4,100,299,0,2,125,1,0.9,2,2.0,3.0,2.0_1,125,0.9,4_3.0,3,4.462686567164179,1.492537313432836,1.8656716417910448,1
214,52,1,4,108,233,1,0,147,0,0.1,1,3.0,7.0,3.0_0,0,0.0,4_7.0,2,4.480769230769231,2.076923076923077,2.826923076923077,0
215,59,1,2,140,221,0,0,164,1,0.0,1,0.0,3.0,0.0_1,164,0.0,2_3.0,2,3.7457627118644066,2.3728813559322033,2.7796610169491527,0
216,45,1,4,104,208,0,2,148,1,3.0,2,0.0,3.0,0.0_1,148,3.0,4_3.0,1,4.622222222222222,2.311111111111111,3.2888888888888888,0
217,59,1,4,140,177,0,0,162,1,0.0,1,1.0,7.0,1.0_1,162,0.0,4_7.0,2,3.0,2.3728813559322033,2.7457627118644066,1
218,43,1,4,150,247,0,0,171,0,1.5,1,0.0,3.0,0.0_0,0,0.0,4_3.0,1,5.744186046511628,3.488372093023256,3.9767441860465116,0
219,60,0,1,150,240,0,0,171,0,0.9,1,0.0,3.0,0.0_0,0,0.0,1_3.0,3,4.0,2.5,2.85,0
220,47,1,4,110,275,0,2,118,1,1.0,2,1.0,3.0,1.0_1,118,1.0,4_3.0,1,5.851063829787234,2.3404255319148937,2.5106382978723403,1
221,34,0,2,118,210,0,0,192,0,0.7,1,0.0,3.0,0.0_0,0,0.0,2_3.0,0,6.176470588235294,3.4705882352941178,5.647058823529412,0
222,52,1,4,128,255,0,0,161,1,0.0,1,1.0,7.0,1.0_1,161,0.0,4_7.0,2,4.903846153846154,2.4615384615384617,3.0961538461538463,1
223,64,1,4,120,246,0,2,96,1,2.2,3,1.0,3.0,1.0_1,96,2.2,4_3.0,3,3.84375,1.875,1.5,1
224,59,1,4,170,326,0,2,140,1,3.4,3,0.0,7.0,0.0_1,140,3.4,4_7.0,2,5.52542372881356,2.8813559322033897,2.3728813559322033,1
225,46,1,3,150,231,0,0,147,0,3.6,2,0.0,3.0,0.0_0,0,0.0,3_3.0,1,5.021739130434782,3.260869565217391,3.1956521739130435,1
226,65,1,1,138,282,1,2,174,0,1.4,2,1.0,3.0,1.0_0,0,0.0,1_3.0,3,4.338461538461538,2.123076923076923,2.6769230769230767,1
227,43,1,4,120,177,0,2,120,1,2.5,2,0.0,7.0,0.0_1,120,2.5,4_7.0,1,4.116279069767442,2.7906976744186047,2.7906976744186047,1
228,62,0,4,138,294,1,0,106,0,1.9,2,3.0,3.0,3.0_0,0,0.0,4_3.0,3,4.741935483870968,2.225806451612903,1.7096774193548387,1
229,60,0,4,150,258,0,2,157,0,2.6,2,2.0,7.0,2.0_0,0,0.0,4_7.0,3,4.3,2.5,2.6166666666666667,1
230,59,1,1,134,204,0,0,162,0,0.8,1,2.0,3.0,2.0_0,0,0.0,1_3.0,2,3.457627118644068,2.2711864406779663,2.7457627118644066,1
231,56,1,2,120,236,0,0,178,0,0.8,1,0.0,3.0,0.0_0,0,0.0,2_3.0,2,4.214285714285714,2.142857142857143,3.1785714285714284,0
232,56,1,3,130,256,1,2,142,1,0.6,2,1.0,6.0,1.0_1,142,0.6,3_6.0,2,4.571428571428571,2.3214285714285716,2.5357142857142856,1
233,42,1,4,140,226,0,0,178,0,0.0,1,0.0,3.0,0.0_0,0,0.0,4_3.0,1,5.380952380952381,3.3333333333333335,4.238095238095238,0
234,55,0,2,135,250,0,2,161,0,1.4,2,0.0,3.0,0.0_0,0,0.0,2_3.0,2,4.545454545454546,2.4545454545454546,2.9272727272727272,0
235,64,1,3,140,335,0,0,158,0,0.0,1,0.0,3.0,0.0_0,0,0.0,3_3.0,3,5.234375,2.1875,2.46875,1
236,71,0,3,110,265,1,2,130,0,0.0,1,1.0,3.0,1.0_0,0,0.0,3_3.0,4,3.732394366197183,1.5492957746478873,1.8309859154929577,0
237,62,0,4,140,394,0,2,157,0,1.2,2,0.0,3.0,0.0_0,0,0.0,4_3.0,3,6.354838709677419,2.2580645161290325,2.532258064516129,0
238,70,1,4,145,174,0,0,125,1,2.6,3,0.0,7.0,0.0_1,125,2.6,4_7.0,4,2.4857142857142858,2.0714285714285716,1.7857142857142858,1
239,67,1,4,120,229,0,2,129,1,2.6,2,2.0,7.0,2.0_1,129,2.6,4_7.0,3,3.417910447761194,1.791044776119403,1.9253731343283582,1
240,69,1,3,140,254,0,2,146,0,2.0,2,3.0,7.0,3.0_0,0,0.0,3_7.0,3,3.681159420289855,2.028985507246377,2.1159420289855073,1
241,48,1,2,110,229,0,0,168,0,1.0,3,0.0,7.0,0.0_0,0,0.0,2_7.0,1,4.770833333333333,2.2916666666666665,3.5,1
